date;series_1;series_2
20.11.02;8623.01;3212.99
21.11.02;8845.15;3304.63
22.11.02;8804.84;3320.88
23.11.02;8849.4;3299.24
24.11.02;8676.42;3191.63
25.11.02;8931.68;3346.14
26.11.02;8931.68;3360.76
27.11.02;8896.09;3320.32
28.11.02;8862.57;3380.2
29.11.02;8742.93;3280.49
30.11.02;8737.85;3320.75
01.12.02;8623.28;3224.74
02.12.02;8645.77;3207.53
03.12.02;8473.41;3065.57
04.12.02;8574.26;3167.99
05.12.02;8538.4;3111.88
06.12.02;8433.71;3077.06
07.12.02;8627.4;3205.29
08.12.02;8535.39;3139.97
09.12.02;8447.35;3022.69
10.12.02;8364.8;2961.41
11.12.02;8511.32;3024.22
12.12.02;8448.11;3000.84
13.12.02;8448.11;3000.84
14.12.02;8432.61;3000.84
15.12.02;8303.78;2840.0
16.12.02;8332.85;2892.63
17.12.02;8341.63;2892.63
18.12.02;8607.52;3105.04
19.12.02;8773.57;3157.25
20.12.02;8595.31;2993.0
21.12.02;8776.18;3037.68
22.12.02;8784.89;3037.33
23.12.02;8785.98;3060.65
24.12.02;8842.62;3098.72
25.12.02;8723.18;3049.4
26.12.02;8697.87;3054.11
27.12.02;8586.74;2918.82
28.12.02;8318.73;2803.25
29.12.02;8131.01;2717.82
30.12.02;7989.56;2643.8
31.12.02;8088.84;2671.36
01.01.03;8053.81;2747.83
02.01.03;8109.82;2751.99
03.01.03;8013.29;2632.98
04.01.03;7985.18;2725.88
05.01.03;7864.23;2569.34
06.01.03;7920.11;2586.09
07.01.03;7843.11;2627.0
08.01.03;7758.17;2571.25
09.01.03;7749.87;2555.27
10.01.03;7908.8;2674.46
11.01.03;7908.8;2708.97
12.01.03;8041.15;2740.14
13.01.03;7914.96;2591.26
14.01.03;8018.11;2648.87
15.01.03;7858.24;2571.35
16.01.03;7909.5;2485.5
17.01.03;7884.99;2513.22
18.01.03;7891.08;2547.05
19.01.03;7704.87;2501.03
20.01.03;7775.6;2498.02
21.01.03;7673.99;2437.51
22.01.03;7740.03;2431.66
23.01.03;7821.75;2354.31
24.01.03;7859.71;2403.19
25.01.03;8141.92;2487.12
26.01.03;8194.23;2584.61
27.01.03;8265.45;2615.22
28.01.03;8286.6;2604.85
29.01.03;8521.97;2715.06
30.01.03;8214.68;2548.37
31.01.03;8280.23;2636.1
01.02.03;8229.88;2579.33
02.02.03;8201.45;2584.05
03.02.03;8145.77;2520.84
04.02.03;8069.86;2450.19
05.02.03;8285.06;2589.35
06.02.03;8240.38;2569.81
07.02.03;8277.15;2654.07
08.02.03;8300.41;2808.94
09.02.03;8298.92;2767.79
10.02.03;8197.94;2734.1
11.02.03;8221.33;2697.1
12.02.03;8203.41;2733.95
13.02.03;8351.1;2776.78
14.02.03;8402.36;2834.12
15.02.03;8257.61;2824.68
16.02.03;8337.65;2899.78
17.02.03;8337.65;2899.78
18.02.03;8328.9;2899.78
19.02.03;8484.99;2960.96
20.02.03;8515.66;2974.4
21.02.03;8306.35;2838.23
22.02.03;8471.61;2953.92
23.02.03;8502.99;2908.96
24.02.03;8480.09;2942.04
25.02.03;8582.68;2986.0
26.02.03;8531.57;3013.04
27.02.03;8588.36;3066.95
28.02.03;8560.63;3005.64
01.03.03;8491.22;2886.08
02.03.03;8604.6;2956.59
03.03.03;8726.73;2937.26
04.03.03;8679.25;2909.95
05.03.03;8647.82;2926.03
06.03.03;8713.14;2989.38
07.03.03;8678.97;2989.08
08.03.03;8493.39;2850.68
09.03.03;8491.36;2838.93
10.03.03;8516.43;2827.25
11.03.03;8594.02;2865.21
12.03.03;8601.38;2828.28
13.03.03;8793.12;2919.54
14.03.03;8711.18;2906.71
15.03.03;8850.26;2982.68
16.03.03;8897.81;3064.56
17.03.03;8922.95;3026.82
18.03.03;9038.98;3080.02
19.03.03;9041.3;3039.76
20.03.03;9062.79;3127.46
21.03.03;8980.0;3094.76
22.03.03;9054.89;3140.34
23.03.03;9183.22;3178.15
24.03.03;9196.55;3219.47
25.03.03;9117.12;3168.71
26.03.03;9318.96;3264.5
27.03.03;9323.02;3286.48
28.03.03;9293.8;3304.15
29.03.03;9200.75;3238.98
30.03.03;9072.95;3186.39
31.03.03;9109.85;3217.34
01.04.03;9011.53;3198.82
02.04.03;9079.04;3241.22
03.04.03;8989.05;3224.66
04.04.03;8985.44;3220.58
05.04.03;9040.95;3146.55
06.04.03;9142.84;3241.04
07.04.03;9070.21;3241.92
08.04.03;9070.21;3239.61
09.04.03;9216.79;3332.87
10.04.03;9223.09;3344.46
11.04.03;9156.21;3322.43
12.04.03;9036.04;3269.84
13.04.03;9119.59;3326.51
14.04.03;9128.97;3384.69
15.04.03;9158.45;3318.15
16.04.03;9112.51;3374.82
17.04.03;9284.57;3356.89
18.04.03;9204.46;3428.12
19.04.03;9200.05;3429.03
20.04.03;9233.8;3487.86
21.04.03;9153.97;3438.89
22.04.03;9186.04;3405.31
23.04.03;9036.32;3438.36
24.04.03;9126.45;3331.89
25.04.03;9191.09;3332.24
26.04.03;9310.06;3381.71
27.04.03;9271.76;3398.89
28.04.03;9310.56;3452.7
29.04.03;9321.69;3443.93
30.04.03;9412.45;3507.23
01.05.03;9397.51;3501.23
02.05.03;9348.87;3549.05
03.05.03;9317.64;3500.09
04.05.03;9340.45;3455.48
05.05.03;9333.79;3483.08
06.05.03;9374.21;3492.67
07.05.03;9415.82;3484.58
08.05.03;9415.82;3571.22
09.05.03;9523.27;3567.2
10.05.03;9568.46;3647.51
11.05.03;9587.9;3668.67
12.05.03;9503.34;3607.71
13.05.03;9586.29;3641.53
14.05.03;9507.2;3594.4
15.05.03;9448.81;3516.31
16.05.03;9567.34;3564.75
17.05.03;9545.65;3561.03
18.05.03;9659.13;3612.02
19.05.03;9644.82;3578.7
20.05.03;9535.41;3456.27
21.05.03;9576.04;3411.02
22.05.03;9425.51;3307.34
23.05.03;9313.08;3324.85
24.05.03;9380.24;3323.38
25.05.03;9275.06;3256.78
26.05.03;9469.2;3329.83
27.05.03;9594.98;3404.91
28.05.03;9654.61;3355.78
29.05.03;9630.9;3395.33
30.05.03;9680.01;3481.9
31.05.03;9674.68;3471.25
01.06.03;9812.98;3538.13
02.06.03;9803.05;3570.58
03.06.03;9791.72;3577.72
04.06.03;9721.79;3516.67
05.06.03;9777.94;3559.33
06.06.03;9613.13;3497.14
07.06.03;9582.46;3452.64
08.06.03;9608.16;3517.1
09.06.03;9748.31;3586.93
10.06.03;9774.53;3615.42
11.06.03;9801.12;3655.99
12.06.03;9858.46;3744.5
13.06.03;9838.83;3741.71
14.06.03;9820.83;3717.7
15.06.03;9856.97;3733.93
16.06.03;9809.79;3782.56
17.06.03;9756.53;3746.24
18.06.03;9848.83;3748.34
19.06.03;9837.94;3765.59
20.06.03;9768.68;3797.4
21.06.03;9710.83;3674.54
22.06.03;9624.16;3666.28
23.06.03;9690.46;3652.29
24.06.03;9619.42;3638.04
25.06.03;9747.79;3737.09
26.06.03;9763.94;3733.16
27.06.03;9779.57;3712.98
28.06.03;9779.57;3744.99
29.06.03;9782.46;3745.95
30.06.03;9899.05;3821.2
01.07.03;9853.64;3809.26
02.07.03;9873.42;3875.66
03.07.03;9930.82;3874.78
04.07.03;9862.68;3841.73
05.07.03;9965.27;3806.54
06.07.03;9923.42;3846.18
07.07.03;9921.86;3820.92
08.07.03;10008.16;3858.85
09.07.03;10042.16;3860.13
10.07.03;10022.82;3875.47
11.07.03;10129.56;3865.98
12.07.03;10145.26;3847.57
13.07.03;10248.08;3870.88
14.07.03;10338.0;3876.94
15.07.03;10341.26;3903.34
16.07.03;10305.19;3903.34
17.07.03;10305.19;3903.34
18.07.03;10324.67;3903.34
19.07.03;10450.0;3952.72
20.07.03;10453.92;3965.16
21.07.03;10409.85;4018.5
22.07.03;10544.07;4035.9
23.07.03;10538.66;4035.44
24.07.03;10529.03;4004.4
25.07.03;10458.89;4016.18
26.07.03;10427.18;3996.22
27.07.03;10538.37;4055.21
28.07.03;10553.85;4068.75
29.07.03;10600.51;4111.64
30.07.03;10600.51;4139.92
31.07.03;10528.66;4106.41
01.08.03;10623.62;4138.04
02.08.03;10623.18;4139.86
03.08.03;10568.29;4151.83
04.08.03;10702.51;4128.68
05.08.03;10609.92;4134.42
06.08.03;10468.37;4150.24
07.08.03;10510.29;4095.71
08.08.03;10488.07;4058.6
09.08.03;10499.18;4071.6
10.08.03;10505.18;4057.51
11.08.03;10470.74;4028.37
12.08.03;10495.55;4014.79
13.08.03;10593.03;4044.99
14.08.03;10613.85;4110.8
15.08.03;10737.7;4122.16
16.08.03;10627.85;4057.05
17.08.03;10627.85;4070.46
18.08.03;10671.99;4095.34
19.08.03;10664.73;4141.53
20.08.03;10619.03;4073.35
21.08.03;10609.62;4068.71
22.08.03;10566.37;3991.42
23.08.03;10601.62;3995.34
24.08.03;10580.14;4007.81
25.08.03;10583.92;4018.16
26.08.03;10591.48;4100.34
27.08.03;10593.11;4071.7
28.08.03;10588.0;4133.78
29.08.03;10595.55;4126.14
30.08.03;10529.48;4145.99
31.08.03;10456.96;4087.55
01.09.03;10296.89;4044.7
02.09.03;10128.38;3904.95
03.09.03;10240.08;3915.38
04.09.03;10102.89;3810.76
05.09.03;10184.67;3822.37
06.09.03;10186.6;3819.15
07.09.03;10064.75;3729.23
08.09.03;10063.64;3728.82
09.09.03;10048.23;3726.07
10.09.03;10218.82;3811.92
11.09.03;10329.63;3881.25
12.09.03;10357.7;3856.7
13.09.03;10373.33;3924.85
14.09.03;10470.59;4007.6
15.09.03;10558.37;4048.6
16.09.03;10570.81;4022.81
17.09.03;10480.15;4001.16
18.09.03;10442.03;4013.53
19.09.03;10442.03;4013.53
20.09.03;10515.56;4013.53
21.09.03;10381.28;4071.42
22.09.03;10377.95;4012.77
23.09.03;10397.46;4004.61
24.09.03;10314.5;4061.13
25.09.03;10317.27;4026.15
26.09.03;10461.2;4059.15
27.09.03;10472.84;4103.62
28.09.03;10444.73;4125.83
29.09.03;10478.16;4134.1
30.09.03;10342.6;4065.74
01.10.03;10272.27;4008.91
02.10.03;10225.57;3985.21
03.10.03;10314.0;4007.65
04.10.03;10317.2;3990.75
05.10.03;10310.95;4022.1
06.10.03;10241.26;3909.46
07.10.03;10117.34;3895.64
08.10.03;9990.02;3784.61
09.10.03;10019.47;3849.84
10.10.03;10045.16;3776.24
11.10.03;10010.74;3824.93
12.10.03;9906.91;3754.37
13.10.03;9968.51;3789.24
14.10.03;9937.71;3872.26
15.10.03;9937.64;3839.32
16.10.03;9966.74;3831.84
17.10.03;9958.43;3867.84
18.10.03;10117.62;3828.07
19.10.03;10109.89;3867.52
20.10.03;10205.2;3913.33
21.10.03;10188.45;3902.72
22.10.03;10188.45;3921.41
23.10.03;10202.65;3864.18
24.10.03;10262.97;3888.31
25.10.03;10195.91;3917.08
26.10.03;10391.08;4017.81
27.10.03;10432.52;4018.95
28.10.03;10368.44;3997.76
29.10.03;10410.1;4021.64
30.10.03;10334.73;3948.65
31.10.03;10380.43;3987.3
01.11.03;10416.41;3999.79
02.11.03;10371.47;3989.31
03.11.03;10395.07;3928.39
04.11.03;10479.57;3945.1
05.11.03;10371.84;4013.35
06.11.03;10357.09;4069.35
07.11.03;10413.43;4069.73
08.11.03;10334.16;4035.02
09.11.03;10282.83;3995.73
10.11.03;10219.34;3944.88
11.11.03;10240.29;3930.58
12.11.03;10171.56;3934.48
13.11.03;10213.22;3924.49
14.11.03;10238.22;3893.24
15.11.03;10247.59;3903.88
16.11.03;10208.8;3898.84
17.11.03;10163.16;3847.19
18.11.03;10139.78;3845.93
19.11.03;10149.07;3837.6
20.11.03;10046.13;3877.48
21.11.03;9962.22;3797.33
22.11.03;9961.92;3752.59
23.11.03;10085.14;3814.08
24.11.03;10117.07;3807.21
25.11.03;10129.24;3889.68
26.11.03;10139.71;3895.61
27.11.03;10179.16;3862.71
28.11.03;10120.24;3877.32
29.11.03;10126.51;3823.74
30.11.03;9963.03;3829.03
01.12.03;9815.33;3727.74
02.12.03;9814.66;3690.33
03.12.03;9944.67;3720.64
04.12.03;9938.32;3678.91
05.12.03;9814.59;3658.11
06.12.03;9825.35;3646.99
07.12.03;9954.55;3699.11
08.12.03;9972.83;3705.73
09.12.03;10083.15;3726.5
10.12.03;10040.82;3722.99
11.12.03;10110.14;3712.61
12.12.03;10073.05;3772.14
13.12.03;10098.63;3771.0
14.12.03;10181.74;3788.88
15.12.03;10195.01;3851.18
16.12.03;10122.52;3838.85
17.12.03;10290.28;3833.45
18.12.03;10260.2;3866.99
19.12.03;10260.2;3887.58
20.12.03;10342.79;3889.04
21.12.03;10313.36;3884.16
22.12.03;10313.07;3886.03
23.12.03;10314.76;3953.31
24.12.03;10318.16;3947.75
25.12.03;10231.36;3941.75
26.12.03;10244.49;3963.65
27.12.03;10284.46;3988.07
28.12.03;10244.93;3991.02
29.12.03;10038.9;3905.66
30.12.03;10047.24;3910.3
31.12.03;9988.54;3874.37
01.01.04;10077.4;3882.27
02.01.04;10080.27;3892.9
03.01.04;10192.65;3994.96
04.01.04;10216.54;4033.28
05.01.04;10177.68;4048.71
06.01.04;10239.92;4049.66
07.01.04;10125.4;4043.36
08.01.04;10055.2;4015.54
09.01.04;10081.97;4017.82
10.01.04;10077.18;3966.48
11.01.04;10002.33;3976.03
12.01.04;9894.45;3940.46
13.01.04;9933.38;3922.11
14.01.04;9897.62;3964.13
15.01.04;9886.93;3912.4
16.01.04;9865.76;3934.06
17.01.04;9757.81;3935.14
18.01.04;9749.99;3854.41
19.01.04;9888.48;3862.26
20.01.04;10004.54;3959.59
21.01.04;10027.47;3960.25
22.01.04;10054.39;4012.64
23.01.04;10137.05;4039.04
24.01.04;10314.76;4041.38
25.01.04;10387.54;4063.58
26.01.04;10391.31;4068.97
27.01.04;10386.37;4065.33
28.01.04;10385.48;4089.13
29.01.04;10469.84;4130.81
30.01.04;10539.01;4143.35
31.01.04;10550.24;4134.34
01.02.04;10487.65;4117.22
02.02.04;10549.57;4183.41
03.02.04;10572.55;4178.68
04.02.04;10456.91;4134.89
05.02.04;10489.42;4123.98
06.02.04;10492.6;4113.37
07.02.04;10520.31;4125.3
08.02.04;10520.31;4160.35
09.02.04;10428.02;4126.0
10.02.04;10585.12;4216.4
11.02.04;10547.06;4193.91
12.02.04;10440.58;4212.62
13.02.04;10494.23;4201.35
14.02.04;10552.82;4150.41
15.02.04;10543.22;4174.55
16.02.04;10638.32;4219.24
17.02.04;10676.45;4231.3
18.02.04;10691.45;4213.69
19.02.04;10705.64;4233.71
20.02.04;10649.92;4182.27
21.02.04;10661.6;4211.55
22.02.04;10759.43;4214.39
23.02.04;10815.89;4241.28
24.02.04;10827.12;4251.62
25.02.04;10827.12;4251.62
26.02.04;10776.13;4235.36
27.02.04;10854.54;4261.79
28.02.04;10829.19;4247.75
29.02.04;10800.3;4256.08
01.03.04;10783.01;4256.08
02.03.04;10597.83;4258.24
03.03.04;10622.88;4300.94
04.03.04;10603.96;4316.4
05.03.04;10621.03;4307.37
06.03.04;10556.22;4258.01
07.03.04;10617.78;4208.82
08.03.04;10505.83;4212.14
09.03.04;10558.0;4232.36
10.03.04;10558.0;4245.51
11.03.04;10539.97;4245.55
12.03.04;10471.47;4220.43
13.03.04;10392.99;4213.7
14.03.04;10461.56;4233.95
15.03.04;10498.59;4214.12
16.03.04;10467.4;4216.41
17.03.04;10427.2;4201.81
18.03.04;10489.94;4254.85
19.03.04;10551.94;4279.97
20.03.04;10596.79;4296.31
21.03.04;10593.1;4281.64
22.03.04;10716.13;4339.28
23.03.04;10715.76;4366.35
24.03.04;10724.63;4371.39
25.03.04;10664.11;4353.15
26.03.04;10749.61;4342.01
27.03.04;10796.01;4387.8
28.03.04;10791.13;4386.4
29.03.04;10834.88;4368.77
30.03.04;10754.26;4369.68
31.03.04;10785.22;4359.47
01.04.04;10785.22;4353.34
02.04.04;10611.2;4323.21
03.04.04;10673.79;4310.66
04.04.04;10748.79;4304.29
05.04.04;10841.6;4348.64
06.04.04;10766.23;4350.49
07.04.04;10830.0;4383.62
08.04.04;10811.97;4393.43
09.04.04;10940.55;4423.52
10.04.04;10936.86;4428.09
11.04.04;10912.62;4396.5
12.04.04;10805.62;4375.6
13.04.04;10851.51;4337.68
14.04.04;10804.51;4367.3
15.04.04;10745.1;4387.69
16.04.04;10626.35;4315.92
17.04.04;10629.67;4327.18
18.04.04;10565.39;4296.36
19.04.04;10470.51;4320.69
20.04.04;10456.02;4317.2
21.04.04;10442.87;4343.6
22.04.04;10485.65;4343.6
23.04.04;10405.7;4351.89
24.04.04;10540.93;4347.52
25.04.04;10503.76;4348.77
26.04.04;10404.3;4373.53
27.04.04;10421.14;4341.39
28.04.04;10458.46;4362.61
29.04.04;10546.32;4389.52
30.04.04;10461.34;4400.68
01.05.04;10448.56;4396.09
02.05.04;10507.97;4372.12
03.05.04;10403.93;4405.69
04.05.04;10087.51;4312.25
05.05.04;10071.25;4202.2
06.05.04;10127.41;4204.61
07.05.04;10012.36;4178.62
08.05.04;10218.6;4193.7
09.05.04;10157.71;4223.04
10.05.04;10242.47;4246.96
11.05.04;10151.13;4233.76
12.05.04;10198.8;4189.02
13.05.04;10070.37;4178.1
14.05.04;10192.51;4184.84
15.05.04;10251.7;4224.02
16.05.04;10256.95;4245.54
17.05.04;10384.64;4264.35
18.05.04;10340.38;4299.51
19.05.04;10345.4;4311.06
20.05.04;10281.11;4251.13
21.05.04;10300.25;4244.16
22.05.04;10189.48;4267.05
23.05.04;10140.12;4275.7
24.05.04;10252.29;4262.18
25.05.04;10464.45;4324.6
26.05.04;10471.91;4360.68
27.05.04;10523.56;4406.95
28.05.04;10537.6;4436.6
29.05.04;10542.55;4480.43
30.05.04;10467.48;4460.63
31.05.04;10549.87;4527.17
01.06.04;10553.49;4532.17
02.06.04;10467.03;4497.26
03.06.04;10483.07;4566.01
04.06.04;10476.86;4557.29
05.06.04;10503.02;4562.75
06.06.04;10512.63;4586.1
07.06.04;10522.56;4599.21
08.06.04;10547.57;4591.69
09.06.04;10578.65;4579.87
10.06.04;10623.07;4604.57
11.06.04;10609.11;4586.86
12.06.04;10599.67;4608.11
13.06.04;10421.44;4627.48
14.06.04;10297.84;4566.48
15.06.04;10290.78;4523.82
16.06.04;10405.63;4557.46
17.06.04;10303.44;4617.07
18.06.04;10303.44;4623.41
19.06.04;10371.8;4603.65
20.06.04;10270.68;4615.49
21.06.04;10302.29;4530.18
22.06.04;10449.14;4597.97
23.06.04;10519.72;4663.38
24.06.04;10513.89;4653.03
25.06.04;10557.39;4679.89
26.06.04;10628.89;4699.27
27.06.04;10640.83;4712.9
28.06.04;10574.99;4719.57
29.06.04;10646.56;4770.54
30.06.04;10689.15;4784.5
01.07.04;10627.77;4829.87
02.07.04;10651.18;4836.9
03.07.04;10596.48;4842.7
04.07.04;10579.77;4843.49
05.07.04;10705.55;4892.5
06.07.04;10640.91;4886.5
07.07.04;10623.15;4890.85
08.07.04;10683.74;4932.87
09.07.04;10610.1;4874.06
10.07.04;10536.93;4837.86
11.07.04;10615.67;4909.48
12.07.04;10594.41;4990.57
13.07.04;10685.89;4953.93
14.07.04;10600.31;4937.33
15.07.04;10634.38;4922.34
16.07.04;10513.45;4883.81
17.07.04;10550.71;4871.46
18.07.04;10559.23;4929.91
19.07.04;10569.89;4941.69
20.07.04;10519.58;4917.74
21.07.04;10434.87;4915.95
22.07.04;10450.63;4856.01
23.07.04;10397.29;4783.8
24.07.04;10463.05;4812.24
25.07.04;10481.6;4829.69
26.07.04;10459.63;4842.94
27.07.04;10447.37;4837.81
28.07.04;10447.37;4909.89
29.07.04;10595.93;4992.75
30.07.04;10678.56;5005.93
31.07.04;10682.94;4989.98
01.08.04;10597.44;4901.88
02.08.04;10544.9;4911.17
03.08.04;10558.75;4905.98
04.08.04;10641.94;4986.5
05.08.04;10557.63;4926.13
06.08.04;10481.52;4962.86
07.08.04;10378.03;4875.22
08.08.04;10422.05;4849.01
09.08.04;10419.59;4882.58
10.08.04;10443.63;4998.16
11.08.04;10456.21;4965.88
12.08.04;10473.09;5048.74
13.08.04;10568.7;5044.12
14.08.04;10535.48;5082.07
15.08.04;10441.11;5138.02
16.08.04;10317.36;5069.42
17.08.04;10287.1;5017.27
18.08.04;10292.31;5007.77
19.08.04;10238.76;5022.79
20.08.04;10253.17;5032.46
21.08.04;10216.91;4981.77
22.08.04;10216.59;4950.07
23.08.04;10287.34;4975.56
24.08.04;10348.1;4978.83
25.08.04;10414.13;4845.98
26.08.04;10281.1;4864.25
27.08.04;10215.22;4838.4
28.08.04;10385.0;4901.79
29.08.04;10377.87;4872.97
30.08.04;10229.95;4806.05
31.08.04;10402.77;4825.64
01.09.04;10440.07;4929.07
02.09.04;10406.77;4922.55
03.09.04;10472.73;4954.83
04.09.04;10522.59;5011.0
05.09.04;10530.76;4995.24
06.09.04;10586.23;5024.2
07.09.04;10539.72;5008.83
08.09.04;10546.21;5011.38
09.09.04;10640.1;5015.55
10.09.04;10686.04;5090.75
11.09.04;10697.17;5092.43
12.09.04;10686.44;5110.61
13.09.04;10674.76;5081.46
14.09.04;10720.22;5099.72
15.09.04;10766.33;5123.5
16.09.04;10871.43;5174.72
17.09.04;10916.09;5196.08
18.09.04;10931.62;5194.27
19.09.04;10912.57;5266.55
20.09.04;10877.51;5307.99
21.09.04;10835.01;5266.86
22.09.04;10856.86;5300.85
23.09.04;10810.91;5266.75
24.09.04;10755.12;5286.75
25.09.04;10778.58;5282.13
26.09.04;10823.72;5310.28
27.09.04;10881.67;5295.82
28.09.04;10875.59;5353.66
29.09.04;10836.53;5350.18
30.09.04;10805.55;5356.6
01.10.04;10833.73;5397.23
02.10.04;10889.44;5398.28
03.10.04;10883.27;5419.05
04.10.04;10883.27;5419.05
05.10.04;10777.77;5444.84
06.10.04;10717.5;5408.26
07.10.04;10717.5;5449.98
08.10.04;10847.41;5460.68
09.10.04;10880.15;5523.62
10.10.04;10882.15;5516.53
11.10.04;10959.31;5536.32
12.10.04;11011.9;5537.11
13.10.04;11011.58;5494.71
14.10.04;11043.44;5532.89
15.10.04;10959.87;5483.09
16.10.04;10959.87;5514.64
17.10.04;10896.32;5460.16
18.10.04;10854.86;5395.61
19.10.04;10880.71;5430.84
20.10.04;10667.39;5349.02
21.10.04;10688.77;5348.72
22.10.04;10712.22;5334.3
23.10.04;10709.74;5427.09
24.10.04;10809.47;5548.91
25.10.04;10907.21;5647.42
26.10.04;10899.92;5660.03
27.10.04;10953.95;5726.53
28.10.04;10793.62;5657.12
29.10.04;10798.27;5666.78
30.10.04;10749.76;5672.92
31.10.04;10858.62;5666.41
01.11.04;10919.05;5701.47
02.11.04;10892.32;5756.33
03.11.04;11028.39;5763.4
04.11.04;11058.97;5764.37
05.11.04;11120.68;5789.25
06.11.04;11115.32;5795.48
07.11.04;11115.32;5793.95
08.11.04;11069.06;5801.04
09.11.04;11137.17;5862.06
10.11.04;11069.22;5857.88
11.11.04;11061.85;5870.79
12.11.04;10993.41;5796.04
13.11.04;11053.53;5866.61
14.11.04;11025.51;5783.49
15.11.04;10958.59;5754.06
16.11.04;10980.69;5739.28
17.11.04;11005.74;5673.36
18.11.04;10972.28;5732.22
19.11.04;11076.34;5804.92
20.11.04;11076.02;5855.16
21.11.04;11151.34;5870.88
22.11.04;11209.77;5898.48
23.11.04;11253.24;5897.79
24.11.04;11279.65;5882.38
25.11.04;11274.53;5902.79
26.11.04;11317.43;5932.31
27.11.04;11270.29;5947.11
28.11.04;11279.97;5973.14
29.11.04;11250.11;5912.26
30.11.04;11154.54;5890.63
01.12.04;11215.7;5914.78
02.12.04;11150.7;5984.19
03.12.04;11109.32;5970.08
04.12.04;11144.94;6024.05
05.12.04;11203.85;6013.85
06.12.04;11239.55;6029.2
07.12.04;11120.04;5952.92
08.12.04;11141.33;6003.4
09.12.04;11089.63;5908.47
10.12.04;11129.97;5901.25
11.12.04;11137.65;5918.57
12.12.04;11137.65;5918.57
13.12.04;11073.78;5918.57
14.12.04;11278.77;5993.76
15.12.04;11342.89;6063.28
16.12.04;11347.45;6094.75
17.12.04;11336.32;6079.09
18.12.04;11283.25;6078.8
19.12.04;11354.49;6107.12
20.12.04;11382.51;6067.74
21.12.04;11367.14;6009.89
22.12.04;11343.29;6009.89
23.12.04;11400.28;5968.96
24.12.04;11438.86;6039.32
25.12.04;11584.54;6127.98
26.12.04;11639.77;6140.72
27.12.04;11642.65;6118.38
28.12.04;11500.73;6054.72
29.12.04;11380.99;5916.28
30.12.04;11428.77;5857.03
31.12.04;11419.89;5851.92
01.01.05;11205.61;5652.72
02.01.05;11128.29;5666.07
03.01.05;11125.33;5546.24
04.01.05;11098.35;5678.49
05.01.05;11117.32;5587.23
06.01.05;11278.61;5788.36
07.01.05;11278.61;5755.02
08.01.05;11168.31;5692.86
09.01.05;11260.28;5707.59
10.01.05;11048.72;5621.19
11.01.05;11002.14;5502.81
12.01.05;10930.9;5543.93
13.01.05;10938.82;5383.28
14.01.05;10891.92;5464.08
15.01.05;10792.58;5395.55
16.01.05;11014.55;5376.01
17.01.05;10942.11;5439.23
18.01.05;10974.84;5493.61
19.01.05;11079.46;5503.41
20.01.05;11019.11;5533.42
21.01.05;10924.74;5459.15
22.01.05;10973.56;5456.87
23.01.05;11190.8;5581.67
24.01.05;11150.22;5683.31
25.01.05;11228.02;5712.69
26.01.05;11228.02;5729.01
27.01.05;11151.82;5625.63
28.01.05;11225.3;5695.47
29.01.05;11090.67;5681.85
30.01.05;11103.55;5706.32
31.01.05;11134.77;5616.04
01.02.05;11013.18;5637.82
02.02.05;10846.29;5527.29
03.02.05;10739.35;5422.22
04.02.05;10747.36;5416.96
05.02.05;10799.23;5396.85
06.02.05;11011.42;5539.29
07.02.05;10928.1;5545.82
08.02.05;10868.38;5451.01
09.02.05;11051.05;5578.05
10.02.05;11103.71;5565.76
11.02.05;11102.51;5583.1
12.02.05;11100.43;5659.07
13.02.05;11219.7;5705.42
14.02.05;11185.68;5681.97
15.02.05;11199.93;5680.82
16.02.05;11240.35;5723.03
17.02.05;11219.38;5626.67
18.02.05;11173.59;5651.92
19.02.05;11076.18;5702.81
20.02.05;11124.37;5630.96
21.02.05;11088.03;5628.37
22.02.05;11097.87;5692.0
23.02.05;11230.26;5776.8
24.02.05;11327.12;5812.94
25.02.05;11334.96;5833.51
26.02.05;11381.47;5817.02
27.02.05;11345.05;5794.83
28.02.05;11297.9;5775.54
01.03.05;11304.46;5814.08
02.03.05;11284.05;5811.47
03.03.05;11352.01;5854.99
04.03.05;11369.94;5847.02
05.03.05;11382.91;5867.53
06.03.05;11464.15;5876.54
07.03.05;11464.15;5909.72
08.03.05;11469.28;5884.07
09.03.05;11406.2;5813.06
10.03.05;11392.11;5795.26
11.03.05;11396.84;5798.46
12.03.05;11498.09;5873.85
13.03.05;11543.32;5906.12
14.03.05;11527.39;5907.37
15.03.05;11560.77;5937.87
16.03.05;11555.0;5926.33
17.03.05;11540.91;5873.46
18.03.05;11533.23;5962.03
19.03.05;11508.1;5883.32
20.03.05;11575.81;5901.66
21.03.05;11669.39;5960.63
22.03.05;11718.45;5989.16
23.03.05;11679.07;6004.33
24.03.05;11670.35;5999.46
25.03.05;11727.34;5992.22
26.03.05;11850.61;6046.37
27.03.05;11866.69;6075.28
28.03.05;11850.21;6085.82
29.03.05;11857.81;6084.4
30.03.05;11867.17;6117.71
31.03.05;11852.13;6119.45
01.04.05;11947.7;6160.28
02.04.05;11960.51;6173.68
03.04.05;11980.6;6186.54
04.04.05;11950.02;6115.1
05.04.05;12011.73;6177.42
06.04.05;12002.37;6202.82
07.04.05;12116.91;6242.91
08.04.05;12127.88;6247.52
09.04.05;12163.66;6284.19
10.04.05;12090.26;6262.54
11.04.05;12086.5;6258.19
12.04.05;12080.73;6268.92
13.04.05;12031.02;6291.9
14.04.05;12018.54;6223.33
15.04.05;11986.04;6241.15
16.04.05;12105.55;6330.65
17.04.05;12156.77;6361.96
18.04.05;12176.54;6349.26
19.04.05;12103.3;6358.68
20.04.05;12108.43;6357.77
21.04.05;12131.88;6393.73
22.04.05;12218.01;6387.38
23.04.05;12251.71;6430.89
24.04.05;12342.56;6412.36
25.04.05;12316.54;6452.33
26.04.05;12326.95;6476.13
27.04.05;12326.95;6475.25
28.04.05;12121.71;6298.17
29.04.05;12226.73;6363.8
30.04.05;12221.93;6309.19
01.05.05;12194.13;6241.13
02.05.05;12331.6;6372.8
03.05.05;12309.25;6369.51
04.05.05;12278.41;6413.03
05.05.05;12307.49;6427.41
06.05.05;12328.48;6469.42
07.05.05;12315.58;6476.17
08.05.05;12317.5;6520.77
09.05.05;12445.52;6588.83
10.05.05;12441.27;6597.25
11.05.05;12421.25;6573.96
12.05.05;12343.22;6503.13
13.05.05;12407.63;6503.13
14.05.05;12510.57;6608.86
15.05.05;12501.52;6611.81
16.05.05;12463.15;6596.92
17.05.05;12463.15;6596.92
18.05.05;12463.15;6681.13
19.05.05;12474.52;6691.32
20.05.05;12480.69;6674.4
21.05.05;12398.01;6593.09
22.05.05;12423.49;6607.59
23.05.05;12416.6;6614.37
24.05.05;12442.16;6566.56
25.05.05;12514.98;6687.3
26.05.05;12556.08;6705.17
27.05.05;12556.08;6731.74
28.05.05;12582.59;6716.82
29.05.05;12577.15;6701.7
30.05.05;12567.93;6689.62
31.05.05;12477.16;6687.31
01.06.05;12533.8;6678.93
02.06.05;12621.77;6748.37
03.06.05;12487.02;6690.34
04.06.05;12621.69;6789.11
05.06.05;12673.68;6851.28
06.06.05;12653.49;6885.76
07.06.05;12666.31;6875.7
08.06.05;12666.87;6915.56
09.06.05;12637.63;6876.73
10.06.05;12580.83;6911.11
11.06.05;12654.85;6895.34
12.06.05;12741.86;6961.18
13.06.05;12765.01;6958.62
14.06.05;12767.57;6957.07
15.06.05;12767.57;6987.08
16.06.05;12786.64;6982.91
17.06.05;12738.41;6941.66
18.06.05;12686.02;6973.73
19.06.05;12647.48;6992.58
20.06.05;12632.26;7027.59
21.06.05;12216.24;6819.65
22.06.05;12268.63;6715.44
23.06.05;12234.34;6640.24
24.06.05;12114.1;6603.32
25.06.05;12050.41;6534.57
26.06.05;12207.59;6595.0
27.06.05;12192.45;6617.75
28.06.05;12260.7;6713.23
29.06.05;12276.32;6716.52
30.06.05;12318.62;6715.49
01.07.05;12075.96;6623.99
02.07.05;12133.4;6447.7
03.07.05;12159.68;6585.47
04.07.05;12110.41;6579.87
05.07.05;12226.17;6671.41
06.07.05;12288.1;6700.29
07.07.05;12447.52;6712.06
08.07.05;12461.14;6856.96
09.07.05;12481.01;6899.06
10.07.05;12469.07;6828.82
11.07.05;12397.29;6858.34
12.07.05;12300.36;6816.89
13.07.05;12348.75;6897.08
14.07.05;12354.35;6917.03
15.07.05;12382.3;6937.17
16.07.05;12510.3;7045.56
17.07.05;12530.05;7073.91
18.07.05;12560.2;7099.91
19.07.05;12560.2;7099.91
20.07.05;12569.14;7099.91
21.07.05;12573.85;7166.67
22.07.05;12484.62;7152.83
23.07.05;12612.13;7212.07
24.07.05;12720.46;7338.06
25.07.05;12773.04;7348.83
26.07.05;12803.84;7282.34
27.07.05;12808.63;7242.73
28.07.05;12961.98;7342.54
29.07.05;12919.4;7335.62
30.07.05;12953.94;7270.32
31.07.05;13089.89;7343.08
01.08.05;13105.5;7387.02
02.08.05;13120.94;7378.12
03.08.05;13062.91;7408.87
04.08.05;13136.14;7408.87
05.08.05;13211.88;7455.93
06.08.05;13264.62;7516.76
07.08.05;13309.07;7442.2
08.08.05;13362.87;7475.99
09.08.05;13215.13;7415.33
10.08.05;13326.22;7479.34
11.08.05;13346.78;7459.61
12.08.05;13383.84;7505.35
13.08.05;13487.53;7481.25
14.08.05;13476.73;7499.5
15.08.05;13556.53;7607.54
16.08.05;13542.88;7619.31
17.08.05;13539.95;7659.39
18.08.05;13525.65;7735.88
19.08.05;13507.28;7739.2
20.08.05;13507.28;7739.2
21.08.05;13633.08;7764.97
22.08.05;13627.64;7883.04
23.08.05;13668.11;7987.85
24.08.05;13676.32;7976.79
25.08.05;13595.46;7919.83
26.08.05;13266.73;7618.61
27.08.05;13424.39;7590.5
28.08.05;13424.96;7706.1
29.08.05;13295.01;7678.26
30.08.05;13482.35;7680.76
31.08.05;13553.72;7849.16
01.09.05;13639.48;8030.64
02.09.05;13612.98;8036.12
03.09.05;13635.42;8033.52
04.09.05;13489.42;8090.49
05.09.05;13360.26;7949.63
06.09.05;13352.05;7930.61
07.09.05;13337.66;7860.52
08.09.05;13427.73;7801.23
09.09.05;13422.28;7921.36
10.09.05;13408.62;8007.32
11.09.05;13535.43;7958.24
12.09.05;13577.3;8050.68
13.09.05;13577.3;8075.26
14.09.05;13565.84;7987.13
15.09.05;13649.97;8077.39
16.09.05;13861.73;8053.43
17.09.05;13907.25;8092.77
18.09.05;13950.98;8105.69
19.09.05;13918.22;7893.61
20.09.05;14000.41;7991.21
21.09.05;13851.08;7874.85
22.09.05;13943.42;7944.21
23.09.05;13785.07;7692.55
24.09.05;13473.57;7508.96
25.09.05;13265.47;7451.68
26.09.05;13358.31;7456.31
27.09.05;13211.99;7584.14
28.09.05;13463.33;7534.13
29.09.05;13181.91;7435.67
30.09.05;13504.3;7513.66
01.10.05;13657.86;7605.94
02.10.05;13270.68;7453.59
03.10.05;13239.54;7343.26
04.10.05;13236.53;7474.33
05.10.05;13028.92;7425.07
06.10.05;12845.78;7270.07
07.10.05;13079.08;7378.29
08.10.05;13121.35;7407.53
09.10.05;13090.86;7424.75
10.10.05;13235.88;7511.96
11.10.05;13378.87;7507.27
12.10.05;13322.13;7485.99
13.10.05;13289.29;7439.18
14.10.05;13238.73;7519.94
15.10.05;13357.74;7638.17
16.10.05;13357.74;7648.58
17.10.05;13448.86;7721.77
18.10.05;13305.47;7588.03
19.10.05;13363.35;7621.72
20.10.05;13113.38;7436.63
21.10.05;13127.85;7375.44
22.10.05;13308.39;7457.9
23.10.05;13424.88;7535.97
24.10.05;13442.52;7497.74
25.10.05;13403.42;7479.85
26.10.05;13815.56;7750.84
27.10.05;13766.7;7735.09
28.10.05;13820.19;7794.43
29.10.05;13759.06;7787.92
30.10.05;13878.15;7804.15
31.10.05;13912.94;7853.79
01.11.05;13895.63;7861.51
02.11.05;14087.55;7922.42
03.11.05;14047.31;7946.79
04.11.05;13968.05;7955.3
05.11.05;13974.31;7944.99
06.11.05;14066.01;8002.18
07.11.05;14043.73;7974.37
08.11.05;14164.53;7980.44
09.11.05;14078.69;7986.57
10.11.05;14015.12;8033.69
11.11.05;14093.08;8041.26
12.11.05;13984.8;7969.47
13.11.05;13912.94;7962.64
14.11.05;13892.54;7985.41
15.11.05;13888.96;7921.4
16.11.05;13676.23;7842.79
17.11.05;13675.25;7828.96
18.11.05;13671.92;7932.44
19.11.05;13806.7;7949.17
20.11.05;13870.26;8009.67
21.11.05;13792.47;7977.94
22.11.05;13930.01;8019.22
23.11.05;13567.87;7880.85
24.11.05;13543.4;7807.55
25.11.05;13660.94;7827.19
26.11.05;13300.02;7799.62
27.11.05;13266.29;7819.47
28.11.05;13042.74;7812.4
29.11.05;13307.09;7777.56
30.11.05;13231.01;7783.11
01.12.05;13110.05;7667.03
02.12.05;13176.79;7612.26
03.12.05;12958.44;7511.97
04.12.05;13010.14;7630.31
05.12.05;12799.04;7518.42
06.12.05;12799.04;7562.1
07.12.05;12980.88;7608.96
08.12.05;12743.44;7567.36
09.12.05;12958.44;7531.35
10.12.05;13311.73;7765.19
11.12.05;13371.72;7870.52
12.12.05;13314.57;7837.26
13.12.05;13248.73;7808.94
14.12.05;13444.96;7944.77
15.12.05;13619.89;7940.58
16.12.05;13625.58;7994.07
17.12.05;13727.03;8033.36
18.12.05;13432.77;8009.42
19.12.05;13473.9;8076.12
20.12.05;13517.96;7928.31
21.12.05;13339.85;7948.36
22.12.05;13167.2;7825.44
23.12.05;13232.47;7850.74
24.12.05;13207.27;7837.32
25.12.05;13245.64;7869.19
26.12.05;13450.65;8002.67
27.12.05;13549.33;8002.67
28.12.05;13549.33;8002.67
29.12.05;13359.61;8038.6
30.12.05;13264.82;8067.32
31.12.05;13043.96;7949.11
01.01.06;13056.72;7908.41
02.01.06;12800.18;7808.69
03.01.06;12735.31;7782.71
04.01.06;12853.09;7713.09
05.01.06;12606.3;7717.95
06.01.06;12778.15;7732.02
07.01.06;12466.16;7471.57
08.01.06;12159.21;7413.53
09.01.06;12099.3;7314.17
10.01.06;12099.3;6790.19
11.01.06;12270.17;6439.21
12.01.06;12207.17;6816.74
13.01.06;12383.89;6818.85
14.01.06;12480.3;6892.96
15.01.06;12442.83;6875.35
16.01.06;12650.36;6851.75
17.01.06;12743.19;6968.67
18.01.06;12635.16;7000.49
19.01.06;12265.13;6765.25
20.01.06;12200.1;6847.51
21.01.06;12182.13;6767.28
22.01.06;12240.01;6743.54
23.01.06;12373.41;6967.84
24.01.06;12552.24;6973.67
25.01.06;12376.98;6962.28
26.01.06;12348.21;6832.43
27.01.06;12348.21;6967.55
28.01.06;12337.22;7002.29
29.01.06;12284.3;6904.85
30.01.06;12381.02;6806.29
31.01.06;12570.22;6882.56
01.02.06;12684.92;6985.97
02.02.06;12582.18;6862.52
03.02.06;12266.39;6748.13
04.02.06;12258.9;6689.95
05.02.06;12254.99;6683.71
06.02.06;12040.39;6591.31
07.02.06;11893.69;6513.99
08.02.06;11740.15;6448.08
09.02.06;12156.81;6524.57
10.02.06;12110.24;6599.37
11.02.06;11951.09;6451.9
12.02.06;11972.25;6182.3
13.02.06;12392.66;6393.39
14.02.06;12099.66;6361.22
15.02.06;12361.32;6319.99
16.02.06;12361.32;6319.99
17.02.06;12532.6;6524.71
18.02.06;12422.86;6489.26
19.02.06;12302.46;6578.06
20.02.06;12216.4;6559.9
21.02.06;12654.36;6720.33
22.02.06;12605.83;6777.44
23.02.06;12626.03;6741.72
24.02.06;12609.42;6763.39
25.02.06;12612.43;6821.03
26.02.06;12581.98;6704.32
27.02.06;12325.42;6603.57
28.02.06;12302.06;6554.49
01.03.06;12362.47;6585.05
02.03.06;12619.27;6702.84
03.03.06;12620.49;6681.81
04.03.06;12849.36;6843.08
05.03.06;12825.02;6786.55
06.03.06;12720.23;6728.3
07.03.06;12763.22;6795.03
08.03.06;12848.95;6821.32
09.03.06;12891.86;6896.58
10.03.06;12871.75;6925.33
11.03.06;12831.94;6885.34
12.03.06;13010.0;6948.82
13.03.06;13058.2;7043.23
14.03.06;12969.54;7052.08
15.03.06;13020.83;7017.1
16.03.06;12814.35;7076.25
17.03.06;12866.78;7071.9
18.03.06;12745.88;7003.17
19.03.06;12876.31;7035.95
20.03.06;12832.18;7060.19
21.03.06;12898.38;7083.24
22.03.06;12992.66;7081.05
23.03.06;12986.8;7156.55
24.03.06;13028.16;7225.94
25.03.06;12828.68;7118.5
26.03.06;12601.19;7040.83
27.03.06;12479.63;6944.05
28.03.06;12479.63;6953.84
29.03.06;12548.35;6958.66
30.03.06;12594.03;7033.84
31.03.06;12646.22;7055.03
01.04.06;12638.32;7096.79
02.04.06;12390.48;6965.43
03.04.06;12209.81;6803.81
04.04.06;12280.32;6815.63
05.04.06;12083.77;6650.26
06.04.06;12160.3;6796.16
07.04.06;11842.69;6578.44
08.04.06;11842.36;6589.46
09.04.06;11807.43;6536.06
10.04.06;11811.83;6617.84
11.04.06;11453.42;6459.6
12.04.06;11346.51;6421.91
13.04.06;11350.01;6418.32
14.04.06;11382.26;6315.94
15.04.06;11215.51;6305.42
16.04.06;11288.54;6353.74
17.04.06;11288.54;6272.21
18.04.06;11231.96;6395.75
19.04.06;11384.21;6304.41
20.04.06;11147.44;6386.46
21.04.06;11229.02;6305.0
22.04.06;11100.54;6153.3
23.04.06;11055.19;6200.25
24.04.06;10962.54;6081.7
25.04.06;11446.66;6271.27
26.04.06;11496.57;6382.65
27.04.06;11467.34;6424.84
28.04.06;11602.5;6442.79
29.04.06;11632.38;6536.09
30.04.06;11349.28;6440.7
01.05.06;11370.69;6436.71
02.05.06;11131.08;6351.15
03.05.06;11397.56;6398.8
04.05.06;11583.69;6460.12
05.05.06;11284.15;6349.81
06.05.06;11615.77;6518.7
07.05.06;11656.07;6561.39
08.05.06;11431.43;6543.49
09.05.06;11734.32;6561.65
10.05.06;11782.35;6609.63
11.05.06;11642.47;6585.87
12.05.06;11532.96;6422.19
13.05.06;11659.9;6446.02
14.05.06;11417.43;6317.8
15.05.06;11430.21;6236.96
16.05.06;11628.06;6342.42
17.05.06;11386.25;6296.95
18.05.06;11412.87;6340.52
19.05.06;11502.51;6321.03
20.05.06;11715.18;6420.54
21.05.06;11543.55;6422.3
22.05.06;11543.55;6421.8
23.05.06;11516.92;6518.47
24.05.06;11510.74;6263.74
25.05.06;11230.73;6233.41
26.05.06;11268.92;6210.32
27.05.06;11433.71;6178.9
28.05.06;11421.99;6234.89
29.05.06;10917.51;6064.16
30.05.06;11059.02;5965.17
31.05.06;10609.66;5860.98
01.06.06;11019.69;5863.42
02.06.06;11388.44;6189.53
03.06.06;11015.69;6107.75
04.06.06;10854.17;6068.53
05.06.06;10825.17;6052.87
06.06.06;11143.13;6063.5
07.06.06;10365.45;5807.08
08.06.06;10850.66;5831.02
09.06.06;10831.07;5806.33
10.06.06;10482.85;5660.63
11.06.06;10325.38;5797.03
12.06.06;9955.5;5387.01
13.06.06;9447.11;5326.63
14.06.06;9258.1;5013.62
15.06.06;8579.19;4887.0
16.06.06;8451.19;4544.31
17.06.06;9387.61;5062.45
18.06.06;8577.91;4861.63
19.06.06;8979.26;4622.81
20.06.06;8852.22;4781.33
21.06.06;9265.43;4835.01
22.06.06;9033.66;4784.41
23.06.06;8519.21;4571.07
24.06.06;8691.25;4519.7
25.06.06;8378.95;4295.67
26.06.06;8175.77;4334.64
27.06.06;9065.12;4823.45
28.06.06;8990.96;4808.69
29.06.06;9180.69;4869.3
30.06.06;9325.01;4987.97
01.07.06;9139.27;5166.87
02.07.06;8695.79;4813.57
03.07.06;8870.54;5025.53
04.07.06;8835.25;4649.52
05.07.06;8273.58;4557.27
06.07.06;8424.75;4579.47
07.07.06;7997.28;4354.09
08.07.06;7552.29;4220.2
09.07.06;8443.39;4554.33
10.07.06;8479.47;4560.42
11.07.06;8726.61;4560.5
12.07.06;8726.61;4665.27
13.07.06;8829.04;4669.44
14.07.06;8149.09;4394.79
15.07.06;8419.09;4531.79
16.07.06;8376.24;4564.23
17.07.06;8635.42;4381.47
18.07.06;8934.18;4715.88
19.07.06;8691.33;4779.11
20.07.06;8761.42;4804.88
21.07.06;8565.09;4767.2
22.07.06;8629.68;4663.37
23.07.06;8564.53;4654.82
24.07.06;8824.34;4708.38
25.07.06;8604.99;4756.4
26.07.06;8579.11;4696.7
27.07.06;8519.77;4639.02
28.07.06;8419.49;4629.38
29.07.06;8468.48;4629.38
30.07.06;8668.39;4810.2
31.07.06;8776.39;4810.2
01.08.06;8776.39;4810.2
02.08.06;9034.69;4973.07
03.08.06;8952.89;4983.99
04.08.06;9015.1;5026.31
05.08.06;8769.7;4937.47
06.08.06;8742.46;4879.91
07.08.06;8599.18;4783.89
08.08.06;8473.97;4719.62
09.08.06;8448.56;4636.94
10.08.06;8200.14;4422.35
11.08.06;8212.49;4336.73
12.08.06;8281.22;4366.28
13.08.06;8228.1;4261.15
14.08.06;8122.8;4219.42
15.08.06;8077.56;4178.94
16.08.06;8116.03;4326.87
17.08.06;8174.73;4323.42
18.08.06;8375.45;4518.72
19.08.06;8149.01;4428.11
20.08.06;8000.86;4338.35
21.08.06;7936.83;4271.04
22.08.06;8078.36;4374.96
23.08.06;8063.07;4510.49
24.08.06;8270.87;4666.82
25.08.06;7939.53;4530.09
26.08.06;7932.76;4407.56
27.08.06;7850.41;4413.39
28.08.06;7850.41;4366.64
29.08.06;7552.6;4216.6
30.08.06;7555.63;4204.96
31.08.06;7465.95;4215.21
01.09.06;7114.78;3936.45
02.09.06;7350.94;3895.75
03.09.06;7270.89;3846.21
04.09.06;7182.08;3942.62
05.09.06;7062.93;3843.74
06.09.06;6763.29;3710.07
07.09.06;6875.84;3890.94
08.09.06;6594.44;3695.49
09.09.06;6626.94;3666.41
10.09.06;6547.05;3692.03
11.09.06;6926.49;3886.98
12.09.06;7170.06;3956.22
13.09.06;7223.98;3953.6
14.09.06;7216.97;4044.54
15.09.06;7395.7;3987.77
16.09.06;7400.8;4043.46
17.09.06;7278.38;4068.74
18.09.06;7775.86;4176.37
19.09.06;7659.97;4187.36
20.09.06;7749.81;4223.29
21.09.06;7924.56;4259.37
22.09.06;7522.02;3989.23
23.09.06;7608.92;4084.76
24.09.06;7761.6;4131.07
25.09.06;7978.08;4381.92
26.09.06;8017.59;4384.99
27.09.06;7975.85;4349.81
28.09.06;7789.56;4322.5
29.09.06;7837.11;4357.92
30.09.06;8083.38;4491.12
01.10.06;8083.38;4491.12
02.10.06;7920.18;4557.01
03.10.06;8029.62;4549.79
04.10.06;8125.43;4609.46
05.10.06;8131.33;4676.84
06.10.06;7841.73;4486.3
07.10.06;7969.56;4501.63
08.10.06;8025.0;4694.07
09.10.06;8016.95;4607.42
10.10.06;8185.73;4704.56
11.10.06;8168.12;4769.45
12.10.06;8212.41;4769.45
13.10.06;8426.74;4902.45
14.10.06;8410.65;4853.03
15.10.06;8512.28;4880.71
16.10.06;8409.85;4804.1
17.10.06;8574.65;4913.9
18.10.06;8418.77;4866.91
19.10.06;8469.11;4854.11
20.10.06;8284.89;4727.61
21.10.06;8331.32;4738.47
22.10.06;8268.64;4737.5
23.10.06;8504.08;4851.96
24.10.06;8474.85;4959.62
25.10.06;8422.04;5038.94
26.10.06;8292.13;4900.67
27.10.06;8277.32;4918.45
28.10.06;8473.49;4985.6
29.10.06;8500.33;4940.82
30.10.06;8721.44;5142.56
31.10.06;8740.87;5144.06
01.11.06;8675.28;5054.53
02.11.06;8750.24;5064.8
03.11.06;8763.13;5077.03
04.11.06;8764.49;5004.72
05.11.06;8763.06;4997.86
06.11.06;8739.02;5051.18
07.11.06;8770.92;5107.26
08.11.06;8799.26;5069.24
09.11.06;8504.67;4890.72
10.11.06;8497.18;4799.98
11.11.06;8555.6;4837.48
12.11.06;8539.73;4839.46
13.11.06;8322.91;4707.15
14.11.06;8299.86;4836.01
15.11.06;8472.4;4800.56
16.11.06;8438.39;4776.47
17.11.06;8529.38;4885.09
18.11.06;8447.0;4808.64
19.11.06;8504.06;4905.44
20.11.06;8280.74;4718.49
21.11.06;8280.74;4708.21
22.11.06;8163.6;4598.19
23.11.06;8331.68;4722.34
24.11.06;8359.49;4781.69
25.11.06;8616.21;4928.44
26.11.06;8743.94;4978.4
27.11.06;8848.15;5030.15
28.11.06;8915.94;5093.97
29.11.06;8881.26;5121.56
30.11.06;9069.29;5247.28
01.12.06;9093.24;5229.36
02.12.06;9108.51;5251.55
03.12.06;9096.72;5174.74
04.12.06;9070.72;5270.32
05.12.06;9154.46;5360.66
06.12.06;9171.61;5332.14
07.12.06;9286.56;5426.85
08.12.06;9320.19;5417.02
09.12.06;9280.97;5353.01
10.12.06;9256.26;5369.98
11.12.06;9337.95;5418.12
12.12.06;9241.45;5285.81
13.12.06;9398.19;5401.11
14.12.06;9321.4;5309.11
15.12.06;9135.34;5201.61
16.12.06;9217.94;5250.74
17.12.06;9279.16;5231.98
18.12.06;9350.05;5311.06
19.12.06;9505.96;5462.74
20.12.06;9509.28;5519.75
21.12.06;9539.29;5557.09
22.12.06;9580.63;5470.33
23.12.06;9544.2;5517.35
24.12.06;9496.28;5464.61
25.12.06;9310.6;5327.29
26.12.06;9280.67;5319.84
27.12.06;9344.61;5301.42
28.12.06;9441.27;5384.43
29.12.06;9441.27;5463.51
30.12.06;9497.34;5481.73
31.12.06;9547.22;5574.26
01.01.07;9627.48;5594.77
02.01.07;9605.41;5624.02
03.01.07;9626.8;5620.24
04.01.07;9683.41;5628.98
05.01.07;9783.92;5731.14
06.01.07;9820.2;5703.83
07.01.07;9778.86;5668.65
08.01.07;9829.87;5709.38
09.01.07;9748.55;5702.05
10.01.07;9707.44;5605.21
11.01.07;9665.19;5581.41
12.01.07;9789.36;5736.31
13.01.07;9742.2;5713.52
14.01.07;9712.28;5675.16
15.01.07;9509.28;5554.55
16.01.07;9487.67;5467.9
17.01.07;9599.75;5508.85
18.01.07;9731.25;5657.64
19.01.07;9725.58;5640.75
20.01.07;9786.87;5716.54
21.01.07;9864.94;5711.88
22.01.07;9885.8;5783.23
23.01.07;9871.06;5714.31
24.01.07;10015.86;5854.14
25.01.07;10062.94;5830.77
26.01.07;9995.91;5743.39
27.01.07;10092.19;5852.56
28.01.07;10041.48;5811.77
29.01.07;9949.36;5833.49
30.01.07;10081.31;5762.93
31.01.07;9972.18;5740.25
01.02.07;9867.96;5642.16
02.02.07;9882.17;5635.02
03.02.07;9762.69;5496.27
04.02.07;9962.58;5587.45
05.02.07;9712.73;5414.96
06.02.07;9789.44;5430.82
07.02.07;9771.91;5353.35
08.02.07;9802.14;5444.23
09.02.07;10005.96;5480.92
10.02.07;10023.42;5488.25
11.02.07;10226.94;5619.72
12.02.07;10246.97;5613.2
13.02.07;10197.47;5663.96
14.02.07;10270.47;5686.83
15.02.07;10406.96;5804.82
16.02.07;10437.42;5778.43
17.02.07;10426.31;5787.61
18.02.07;10332.44;5702.18
19.02.07;10318.16;5663.15
20.02.07;10433.71;5769.31
21.02.07;10464.4;5803.02
22.02.07;10464.4;5614.17
23.02.07;10309.92;5685.61
24.02.07;10471.58;5776.61
25.02.07;10366.15;5770.35
26.02.07;10390.11;5784.75
27.02.07;10285.97;5688.58
28.02.07;10405.83;5709.02
01.03.07;10471.5;5756.29
02.03.07;10501.05;5802.26
03.03.07;10452.0;5811.34
04.03.07;10441.12;5903.43
05.03.07;10308.26;5844.44
06.03.07;10414.14;5930.53
07.03.07;10464.93;5945.69
08.03.07;10466.44;5957.44
09.03.07;10520.1;5957.44
10.03.07;10520.1;5957.44
11.03.07;10547.08;6002.92
12.03.07;10545.41;6011.55
13.03.07;10548.51;5957.43
14.03.07;10428.05;5957.43
15.03.07;10428.05;5957.43
16.03.07;10583.96;6048.3
17.03.07;10572.02;6031.86
18.03.07;10573.68;6034.33
19.03.07;10606.86;6019.36
20.03.07;10618.19;6037.61
21.03.07;10663.99;6040.5
22.03.07;10627.26;5943.0
23.03.07;10680.77;5963.14
24.03.07;10710.55;5988.88
25.03.07;10609.65;5875.97
26.03.07;10603.15;5851.53
27.03.07;10389.88;5746.97
28.03.07;10172.98;5695.32
29.03.07;10196.86;5631.37
30.03.07;10194.29;5668.93
31.03.07;10236.16;5643.2
01.04.07;10120.46;5540.33
02.04.07;10067.33;5608.79
03.04.07;10185.53;5654.48
04.04.07;10296.85;5709.66
05.04.07;10270.55;5672.09
06.04.07;10002.18;5533.24
07.04.07;10012.23;5434.34
08.04.07;9908.39;5484.85
09.04.07;10058.64;5498.26
10.04.07;10038.38;5536.37
11.04.07;10144.19;5503.93
12.04.07;10099.14;5500.39
13.04.07;10099.14;5511.1
14.04.07;10268.81;5592.12
15.04.07;10309.24;5648.34
16.04.07;10392.9;5680.41
17.04.07;10402.35;5722.05
18.04.07;10383.38;5688.44
19.04.07;10321.03;5532.33
20.04.07;10403.79;5713.51
21.04.07;10405.98;5776.56
22.04.07;10396.76;5817.88
23.04.07;10444.14;5795.32
24.04.07;10552.52;5875.91
25.04.07;10564.38;5885.89
26.04.07;10567.33;5936.72
27.04.07;10611.84;5928.63
28.04.07;10624.69;5945.11
29.04.07;10642.15;5903.56
30.04.07;10685.98;5970.99
01.05.07;10733.67;6024.28
02.05.07;10779.17;6012.31
03.05.07;10741.98;5982.43
04.05.07;10785.89;5987.5
05.05.07;10888.83;6017.27
06.05.07;10836.15;6039.0
07.05.07;10841.21;6132.95
08.05.07;10850.36;6120.05
09.05.07;10895.86;6156.85
10.05.07;10907.42;6142.45
11.05.07;10856.63;6153.55
12.05.07;10927.07;6235.56
13.05.07;10927.07;6235.56
14.05.07;10973.55;6235.56
15.05.07;10969.99;6252.21
16.05.07;10897.52;6222.41
17.05.07;10997.35;6249.7
18.05.07;11019.42;6230.83
19.05.07;11123.11;6278.4
20.05.07;11144.57;6291.45
21.05.07;11018.66;6180.9
22.05.07;11092.05;6162.44
23.05.07;11117.06;6264.23
24.05.07;11124.92;6230.38
25.05.07;11134.29;6168.72
26.05.07;11205.03;6332.1
27.05.07;10991.99;6159.51
28.05.07;11045.27;6084.34
29.05.07;11167.32;6144.91
30.05.07;11008.61;6135.7
31.05.07;11151.83;6166.92
01.06.07;10926.77;6006.86
02.06.07;10868.12;5958.45
03.06.07;10520.32;5908.26
04.06.07;10380.43;5715.09
05.06.07;10785.14;6017.91
06.06.07;10896.91;6183.49
07.06.07;10782.95;6251.97
08.06.07;10620.16;6056.71
09.06.07;10625.83;6066.92
10.06.07;10510.95;6155.93
11.06.07;10444.37;5988.67
12.06.07;10068.01;5867.88
13.06.07;10066.57;5805.68
14.06.07;10043.75;5670.04
15.06.07;10136.63;5964.33
16.06.07;10255.28;6054.63
17.06.07;9931.97;5938.88
18.06.07;9816.49;5904.95
19.06.07;9939.98;5868.55
20.06.07;9899.25;5984.75
21.06.07;10172.53;6056.59
22.06.07;10211.07;6047.83
23.06.07;10190.89;6125.0
24.06.07;10404.77;6175.05
25.06.07;10409.46;6190.91
26.06.07;10434.17;6223.54
27.06.07;10450.64;6216.98
28.06.07;10442.41;6292.97
29.06.07;10293.52;6269.04
30.06.07;10298.44;6204.52
01.07.07;10152.8;6115.48
02.07.07;10143.81;6070.6
03.07.07;10138.52;6157.22
04.07.07;9870.3;5952.03
05.07.07;9774.02;5965.52
06.07.07;9732.53;5857.43
07.07.07;9686.48;5834.15
08.07.07;9686.48;5816.2
09.07.07;9743.62;5940.98
10.07.07;10018.28;5992.86
11.07.07;10198.03;6065.24
12.07.07;10216.27;6077.19
13.07.07;10363.02;6191.13
14.07.07;10366.72;6209.76
15.07.07;10359.31;6149.36
16.07.07;10097.9;6040.27
17.07.07;10154.43;6009.11
18.07.07;10229.96;5967.49
19.07.07;10120.53;5990.38
20.07.07;10322.3;6142.15
21.07.07;10424.62;6166.34
22.07.07;10525.43;6194.21
23.07.07;10467.16;6134.7
24.07.07;10465.94;6147.97
25.07.07;10674.38;6292.13
26.07.07;10680.43;6331.33
27.07.07;10674.98;6333.58
28.07.07;10653.56;6259.63
29.07.07;10698.75;6351.6
30.07.07;10378.83;6154.07
31.07.07;10319.95;6135.17
01.08.07;10303.15;6110.41
02.08.07;10302.01;6110.57
03.08.07;10405.85;6206.4
04.08.07;10415.54;6186.31
05.08.07;10271.21;6075.13
06.08.07;10213.62;6005.16
07.08.07;10040.45;5935.44
08.08.07;10060.06;5899.5
09.08.07;10009.73;5912.41
10.08.07;10014.72;5925.22
11.08.07;10269.47;6083.9
12.08.07;10320.1;6083.85
13.08.07;10447.93;6134.62
14.08.07;10447.93;6155.04
15.08.07;10340.69;6117.89
16.08.07;10387.01;6164.44
17.08.07;10415.24;6221.52
18.08.07;10462.77;6214.77
19.08.07;10544.13;6261.68
20.08.07;10526.49;6275.41
21.08.07;10572.73;6261.87
22.08.07;10594.83;6249.65
23.08.07;10607.85;6209.76
24.08.07;10753.62;6294.58
25.08.07;10761.03;6275.98
26.08.07;10739.31;6208.33
27.08.07;10662.42;6184.71
28.08.07;10860.26;6298.3
29.08.07;10858.14;6276.09
30.08.07;10835.28;6246.92
31.08.07;10788.05;6229.02
01.09.07;10829.68;6211.34
02.09.07;10751.27;6134.21
03.09.07;10944.72;6215.83
04.09.07;10967.65;6270.73
05.09.07;10948.58;6276.25
06.09.07;11006.48;6291.67
07.09.07;11010.34;6309.51
08.09.07;11020.4;6304.57
09.09.07;11096.08;6434.52
10.09.07;11094.57;6455.27
11.09.07;11062.78;6492.3
12.09.07;11143.69;6516.63
13.09.07;10978.62;6490.69
14.09.07;11107.97;6524.55
15.09.07;11146.57;6611.01
16.09.07;11132.56;6605.84
17.09.07;11164.05;6639.21
18.09.07;11126.28;6568.0
19.09.07;11113.95;6595.28
20.09.07;11124.62;6604.86
21.09.07;11188.72;6654.31
22.09.07;11215.13;6617.8
23.09.07;11434.84;6734.69
24.09.07;11444.08;6754.2
25.09.07;11346.75;6787.81
26.09.07;11357.04;6719.84
27.09.07;11283.1;6723.41
28.09.07;11192.58;6734.61
29.09.07;11201.97;6790.17
30.09.07;11023.5;6663.24
01.10.07;11007.88;6700.07
02.10.07;11181.23;6832.11
03.10.07;11203.55;6843.55
04.10.07;11178.58;6822.05
05.10.07;11036.37;6705.0
06.10.07;11187.28;6823.8
07.10.07;11092.0;6848.98
08.10.07;11052.49;6697.97
09.10.07;11006.02;6688.49
10.10.07;11255.78;6866.63
11.10.07;11382.09;6947.72
12.10.07;11362.19;6954.38
13.10.07;11370.06;6964.16
14.10.07;11410.32;7006.17
15.10.07;11476.54;7027.4
16.10.07;11457.47;7016.37
17.10.07;11499.25;7024.4
18.10.07;11491.91;6982.45
19.10.07;11533.16;7077.99
20.10.07;11559.49;7067.92
21.10.07;11573.49;7057.69
22.10.07;11573.49;7057.69
23.10.07;11555.03;6970.73
24.10.07;11575.54;6972.1
25.10.07;11585.38;6995.47
26.10.07;11569.71;6914.19
27.10.07;11577.51;6914.19
28.10.07;11670.75;6989.74
29.10.07;11691.18;6975.35
30.10.07;11722.89;6939.82
31.10.07;11697.31;6981.39
01.11.07;11674.76;6947.84
02.11.07;11637.45;6857.06
03.11.07;11671.88;6941.57
04.11.07;11731.9;7075.11
05.11.07;11787.38;7075.7
06.11.07;11787.38;7078.06
07.11.07;11822.8;7024.27
08.11.07;11871.84;7062.42
09.11.07;11977.19;7059.01
10.11.07;11985.44;7127.35
11.11.07;11989.83;7155.58
12.11.07;11823.7;7102.8
13.11.07;11891.93;7077.48
14.11.07;12040.16;7184.27
15.11.07;12041.97;7183.67
16.11.07;12062.26;7193.68
17.11.07;12161.63;7283.62
18.11.07;12233.15;7323.24
19.11.07;12239.89;7320.9
20.11.07;12229.29;7340.28
21.11.07;12273.26;7371.2
22.11.07;12268.19;7396.63
23.11.07;12318.14;7405.51
24.11.07;12391.25;7426.81
25.11.07;12391.25;7321.81
26.11.07;12212.79;7318.35
27.11.07;12105.78;7194.6
28.11.07;12068.5;7130.5
29.11.07;12130.45;7185.17
30.11.07;12226.34;7272.32
01.12.07;12058.02;7223.3
02.12.07;12066.8;7181.12
03.12.07;12169.88;7178.9
04.12.07;12090.03;7161.93
05.12.07;12214.38;7164.75
06.12.07;12213.09;7131.8
07.12.07;11984.61;7063.09
08.12.07;12044.4;6981.49
09.12.07;11993.16;6866.63
10.12.07;11855.42;6647.66
11.12.07;11613.3;6513.84
12.12.07;11774.59;6656.88
13.12.07;11858.52;6664.4
14.12.07;12036.53;6816.12
15.12.07;12018.63;6780.97
16.12.07;12170.56;6933.58
17.12.07;12197.88;6938.63
18.12.07;12279.01;6934.44
19.12.07;12350.61;7057.15
20.12.07;12319.73;7041.31
21.12.07;12376.72;7179.81
22.12.07;12400.03;7175.33
23.12.07;12393.9;7175.31
24.12.07;12426.75;7215.11
25.12.07;12409.49;7178.78
26.12.07;12380.05;7217.02
27.12.07;12381.11;7204.86
28.12.07;12263.58;7102.91
29.12.07;12270.99;7177.97
30.12.07;12285.15;7146.56
31.12.07;12341.83;7178.29
01.01.08;12266.75;7039.31
02.01.08;12453.54;7249.19
03.01.08;12505.99;7295.49
04.01.08;12505.99;7295.49
05.01.08;12479.88;7295.49
06.01.08;12595.37;7356.51
07.01.08;12690.96;7404.95
08.01.08;12763.31;7475.22
09.01.08;12807.36;7527.64
10.01.08;12807.51;7500.7
11.01.08;12723.58;7373.93
12.01.08;12584.17;7376.96
13.01.08;12638.74;7492.25
14.01.08;12684.68;7410.52
15.01.08;12595.75;7403.31
16.01.08;12548.37;7387.54
17.01.08;12479.58;7256.65
18.01.08;12560.18;7303.53
19.01.08;12605.32;7358.23
20.01.08;12512.04;7266.82
21.01.08;12356.21;7150.66
22.01.08;12394.66;7170.94
23.01.08;12402.76;7114.09
24.01.08;12441.58;7163.47
25.01.08;12441.58;7160.3
26.01.08;12569.79;7293.69
27.01.08;12290.14;7217.43
28.01.08;12248.55;7074.12
29.01.08;12151.26;7109.03
30.01.08;12070.81;7103.25
31.01.08;12048.94;7060.23
01.02.08;11951.91;7069.9
02.02.08;12076.11;7204.79
03.02.08;11897.27;7115.08
04.02.08;11961.52;7110.2
05.02.08;12004.36;7164.05
06.02.08;12080.38;7150.21
07.02.08;12190.01;7285.51
08.02.08;12050.0;7149.44
09.02.08;11934.58;7121.38
10.02.08;12043.56;7107.9
11.02.08;12188.69;7170.43
12.02.08;12261.42;7294.14
13.02.08;12414.34;7376.24
14.02.08;12582.77;7419.44
15.02.08;12582.77;7442.96
16.02.08;12569.87;7439.44
17.02.08;12626.02;7431.19
18.02.08;12657.2;7402.73
19.02.08;12505.76;7230.25
20.02.08;12491.61;7267.87
21.02.08;12479.73;7220.12
22.02.08;12385.16;7107.92
23.02.08;12587.42;7192.67
24.02.08;12724.41;7290.14
25.02.08;12681.16;7326.39
26.02.08;12592.8;7344.54
27.02.08;12501.3;7349.45
28.02.08;12302.55;7252.68
29.02.08;12240.11;7190.06
01.03.08;12143.24;7158.77
02.03.08;12132.49;6953.98
03.03.08;11866.62;6796.75
04.03.08;11896.44;6640.59
05.03.08;11383.68;6414.76
06.03.08;10809.85;5923.27
07.03.08;11239.77;5917.08
08.03.08;10719.94;5613.42
09.03.08;11143.31;5797.66
10.03.08;11269.02;5997.74
11.03.08;11405.93;5994.9
12.03.08;11410.21;5948.94
13.03.08;10990.58;5602.8
14.03.08;10854.65;5473.78
15.03.08;11176.76;5532.38
16.03.08;11320.71;5681.08
17.03.08;11149.82;5584.14
18.03.08;11284.54;5537.48
19.03.08;11539.25;5670.07
20.03.08;11559.95;5643.92
21.03.08;11613.53;5784.85
22.03.08;11493.57;5730.63
23.03.08;11240.26;5538.33
24.03.08;11139.3;5193.97
25.03.08;11414.86;5405.53
26.03.08;11295.81;5408.46
27.03.08;10992.13;5189.93
28.03.08;11061.12;5072.33
29.03.08;11105.85;5166.36
30.03.08;11246.73;5340.19
31.03.08;11433.18;5508.24
01.04.08;11509.09;5573.51
02.04.08;11401.01;5415.91
03.04.08;11124.84;5433.8
04.04.08;10733.83;5164.21
05.04.08;10771.48;5196.56
06.04.08;11043.86;5345.56
07.04.08;11190.69;5628.44
08.04.08;11010.9;5578.42
09.04.08;11153.98;5639.58
10.04.08;10913.38;5502.02
11.04.08;10655.3;5376.7
12.04.08;10808.71;5216.71
13.04.08;10939.95;5473.03
14.04.08;11123.33;5645.25
15.04.08;11103.12;5675.7
16.04.08;11433.18;5847.29
17.04.08;11518.85;5994.47
18.04.08;11478.13;5914.84
19.04.08;11644.49;5967.2
20.04.08;11397.0;5859.43
21.04.08;11577.05;5877.41
22.04.08;11504.62;5913.53
23.04.08;11541.78;5766.48
24.04.08;11808.79;5970.96
25.04.08;11913.62;6055.27
26.04.08;11706.62;6046.75
27.04.08;11869.04;6016.07
28.04.08;12208.55;6337.84
29.04.08;12231.11;6346.19
30.04.08;11955.01;6141.34
01.05.08;11657.96;5834.51
02.05.08;11836.04;5965.63
03.05.08;12044.47;6133.18
04.05.08;11983.24;5966.16
05.05.08;12170.18;5961.44
06.05.08;11780.94;5829.54
07.05.08;11893.79;5867.81
08.05.08;12153.68;6057.03
09.05.08;12078.98;5985.02
10.05.08;12096.16;5933.14
11.05.08;11905.59;5913.36
12.05.08;11770.73;5850.17
13.05.08;11796.16;5800.24
14.05.08;11547.31;5606.0
15.05.08;11257.55;5457.77
16.05.08;11257.55;5428.11
17.05.08;11231.78;5492.87
18.05.08;11523.01;5745.33
19.05.08;11555.63;5799.91
20.05.08;12020.03;6035.88
21.05.08;12097.83;6106.09
22.05.08;12150.13;6028.82
23.05.08;12196.37;5994.73
24.05.08;11997.7;5874.44
25.05.08;12184.26;5986.71
26.05.08;12021.39;5785.43
27.05.08;11823.48;5675.14
28.05.08;11866.39;5701.78
29.05.08;11766.26;5670.71
30.05.08;12103.58;5847.03
31.05.08;12107.74;5791.53
01.06.08;12294.0;5878.93
02.06.08;12287.04;5848.78
03.06.08;12217.56;6075.52
04.06.08;12397.38;6166.57
05.06.08;12418.42;6111.55
06.06.08;12415.7;6095.99
07.06.08;12359.92;6057.92
08.06.08;12392.69;6017.23
09.06.08;12462.47;6162.98
10.06.08;12449.45;6152.34
11.06.08;12471.02;6179.21
12.06.08;12422.06;6143.08
13.06.08;12482.07;6332.93
14.06.08;12578.95;6354.57
15.06.08;12623.98;6416.26
16.06.08;12720.48;6404.39
17.06.08;12708.82;6436.62
18.06.08;12675.75;6419.22
19.06.08;12756.96;6421.85
20.06.08;12734.63;6539.85
21.06.08;12660.46;6511.98
22.06.08;12653.72;6444.45
23.06.08;12632.91;6458.91
24.06.08;12716.46;6616.64
25.06.08;12705.41;6655.63
26.06.08;12862.23;6766.67
27.06.08;12845.13;6764.83
28.06.08;12878.2;6754.2
29.06.08;12883.95;6748.76
30.06.08;12890.46;6788.8
01.07.08;12801.23;6692.96
02.07.08;12874.04;6738.47
03.07.08;12878.28;6728.19
04.07.08;12780.95;6757.94
05.07.08;12949.87;6848.03
06.07.08;12949.87;6948.25
07.07.08;12965.69;6908.18
08.07.08;12938.67;6843.87
09.07.08;12984.69;6809.46
10.07.08;12982.95;6864.43
11.07.08;13005.12;6887.63
12.07.08;12952.07;6856.08
13.07.08;12980.3;6941.77
14.07.08;12962.81;6866.46
15.07.08;12759.15;6633.11
16.07.08;12837.33;6671.11
17.07.08;12907.94;6834.54
18.07.08;12922.02;6880.21
19.07.08;12959.71;6901.35
20.07.08;13177.68;6995.91
21.07.08;13194.1;7079.42
22.07.08;13252.76;7144.45
23.07.08;13232.62;7157.82
24.07.08;13239.13;7154.22
25.07.08;13124.62;7071.32
26.07.08;13046.14;6981.26
27.07.08;13080.73;6995.62
28.07.08;13241.63;7079.23
29.07.08;13197.73;7078.9
30.07.08;13126.21;6998.8
31.07.08;13145.82;6875.15
01.08.08;13212.04;6946.83
02.08.08;13264.49;7056.65
03.08.08;13199.55;6982.28
04.08.08;13074.75;6784.06
05.08.08;13060.14;6775.26
06.08.08;13060.14;6775.26
07.08.08;12929.59;6775.26
08.08.08;12715.93;6606.43
09.08.08;12805.39;6674.73
10.08.08;12986.58;6743.24
11.08.08;12849.59;6583.9
12.08.08;12921.41;6625.19
13.08.08;13115.54;6801.0
14.08.08;12964.1;6671.22
15.08.08;13029.26;6750.12
16.08.08;12927.17;6523.0
17.08.08;13001.56;6590.41
18.08.08;13090.72;6704.5
19.08.08;13204.62;6739.9
20.08.08;13228.31;6801.32
21.08.08;13213.63;6761.19
22.08.08;13279.32;6761.19
23.08.08;13268.57;6710.77
24.08.08;13206.59;6694.44
25.08.08;13038.27;6561.47
26.08.08;13008.53;6569.48
27.08.08;12855.04;6518.0
28.08.08;12820.6;6579.93
29.08.08;12695.35;6451.97
30.08.08;12598.55;6384.26
31.08.08;12442.49;6308.96
01.09.08;12369.38;6271.22
02.09.08;12504.48;6331.04
03.09.08;12502.81;6435.6
04.09.08;12496.15;6285.75
05.09.08;12529.75;6315.89
06.09.08;12454.83;6339.94
07.09.08;12580.69;6396.84
08.09.08;12419.86;6280.8
09.09.08;12393.45;6264.38
10.09.08;12118.57;6050.29
11.09.08;12101.46;5978.23
12.09.08;12127.95;5969.4
13.09.08;12414.79;6093.99
14.09.08;12460.96;6144.22
15.09.08;12554.2;6130.82
16.09.08;12411.23;6141.05
17.09.08;12496.38;6152.49
18.09.08;12651.91;6138.61
19.09.08;12741.82;6248.2
20.09.08;12837.33;6363.36
21.09.08;12824.39;6392.13
22.09.08;12573.57;6343.13
23.09.08;12640.78;6263.25
24.09.08;12502.66;6132.39
25.09.08;12534.67;6136.69
26.09.08;12627.01;6228.99
27.09.08;12602.26;6149.91
28.09.08;12880.09;6416.28
29.09.08;12871.39;6496.08
30.09.08;12943.82;6578.21
01.10.08;12943.82;6564.8
02.10.08;12896.67;6535.56
03.10.08;12772.47;6410.11
04.10.08;12736.29;6387.57
05.10.08;12653.12;6438.33
06.10.08;12604.53;6453.85
07.10.08;12777.09;6557.1
08.10.08;12727.21;6565.72
09.10.08;12805.54;6577.64
10.10.08;12908.7;6684.42
11.10.08;12822.57;6630.02
12.10.08;12721.46;6419.33
13.10.08;12887.93;6582.96
14.10.08;13075.66;6689.4
15.10.08;13073.01;6774.06
16.10.08;13008.68;6772.26
17.10.08;13096.17;6865.66
18.10.08;13168.6;6967.95
19.10.08;13175.64;6966.15
20.10.08;13165.19;6964.99
21.10.08;13207.95;6944.56
22.10.08;13169.43;6909.68
23.10.08;13172.14;6974.39
24.10.08;13164.78;6946.8
25.10.08;13250.11;6996.29
26.10.08;13275.2;7040.88
27.10.08;13203.58;7089.32
28.10.08;13172.76;7017.75
29.10.08;13057.46;6949.57
30.10.08;13157.97;6971.07
31.10.08;13124.67;7047.45
01.11.08;13102.99;7002.68
02.11.08;13107.48;7010.57
03.11.08;13000.71;6895.49
04.11.08;13090.84;6970.79
05.11.08;13090.84;7014.83
06.11.08;13035.94;6932.58
07.11.08;13047.48;6964.69
08.11.08;13292.0;7167.33
09.11.08;13306.64;7214.5
10.11.08;13254.29;7213.7
11.11.08;13323.36;7310.11
12.11.08;13333.35;7343.53
13.11.08;13539.86;7310.32
14.11.08;13593.37;7412.13
15.11.08;13553.1;7403.69
16.11.08;13564.64;7347.69
17.11.08;13577.96;7390.76
18.11.08;13596.93;7389.49
19.11.08;13579.47;7451.62
20.11.08;13558.92;7413.16
21.11.08;13457.55;7425.11
22.11.08;13413.51;7276.51
23.11.08;13485.97;7290.02
24.11.08;13437.13;7216.15
25.11.08;13494.61;7322.08
26.11.08;13575.36;7305.21
27.11.08;13610.15;7397.87
28.11.08;13583.65;7291.21
29.11.08;13473.53;7234.53
30.11.08;13344.97;7205.23
01.12.08;13326.39;7281.7
02.12.08;13328.85;7232.49
03.12.08;13424.23;7261.25
04.12.08;13551.78;7376.27
05.12.08;13557.0;7394.55
06.12.08;13548.94;7437.23
07.12.08;13343.51;7380.64
08.12.08;13345.89;7328.05
09.12.08;13102.53;7173.69
10.12.08;13077.34;7192.85
11.12.08;13103.68;7200.23
12.12.08;13107.21;7231.85
13.12.08;13107.21;7203.16
14.12.08;13107.21;7284.4
15.12.08;13096.46;7260.63
16.12.08;13112.44;7326.47
17.12.08;13245.68;7377.76
18.12.08;12932.73;7232.83
19.12.08;12811.32;7204.96
20.12.08;12815.39;7163.5
21.12.08;12815.08;7168.76
22.12.08;12756.18;7169.12
23.12.08;12570.95;7101.92
24.12.08;12542.38;7043.42
25.12.08;12588.31;6950.53
26.12.08;12795.96;7123.84
27.12.08;12788.51;7172.99